,processed_tweet,label_enc
0,average american best way tell covid19 cough rich personâ€™s face wait test results,0
1,fucking bullshit,0
2,please follow governmentâ€™s instructions knock covid19 done feel like kindergartner keeps losing recess time one two kids canâ€™t follow directions,0
3,offense coronavirus disappearing april actually sucks,0
4,face someone spent 9 hours personal protective equipment moving critically ill covid19 patients around london feel broken start begging people please social distancing selfisolation covid19,1
5,yesterday knocked pennants door told stay property rentfree 5 months selfemployed 4 kids dont need boris tell morally correct landlords something covid19 benice,1
6,covid19 better never hear anyone trash â€œlow endâ€ workers people grocery store dollar general workers fast food workers walmart employees people didnt even think deserved wage survive,0
7,dr asama ritz spent past weeks screening treating patients coronavirus pakistan knew ppe furthermore persisted anyway today lost battle coronavirus gave life hope many know name ,1
8,fun fact tradition europeans spread potentially fatal disease every country fully inhabited white people camp take accountability subsequent devastation camp lives lost,1
9,corona shit passes promise weâ€™re going tell kids survived zombie apocalypse 2020,0
10,shortness breath corona symptom right know also gives shortness breath anxiety know giving anxiety thinking corona,0
11,last week battling covid19 camp pneumonia never life ill â€œyoung people arenâ€™t risk theyâ€™ll mild symptomsâ€ wrong want open difficulties iâ€™ve gone past days like icu,1
12,mum phd coronavirus whatsapp university,1
13,told wealthy friends cashed cool 14m stock voted covid19 relief bill needs go,1
14,future grandson â€œhey grandpa want coronaâ€,0
15,korea finished developing 10minute covid19 diagnostic kit ramping production plan export 300000 testkits per week,1
16,tw suicide covid19 hey um theres big elephant room right covid isnt epidemic happening right come bad bad time theres ever good time theres mental health epidemic happening gonna start seeing,1
17,celebrities keep trying sing virus away like disney movie something,0
18,maybe develop feelings covid19 leave,0
19,thread mostly talk movies goes currently pivoting factory solely make surgical masks medical garments short supply make 2 million masks day looking help way possible time covid19,1
20,men house would pop 6 vicodin thursday cure saturday morning,0
21,almost everything right worked home saw one friend last 10 days beer hour outside pub either side big table fresh air contact washed hands 3 times still caught corona fuck around thing,1
22,understand mcdonalds serve two billion hamburgers every year order five million drive overwhelms system,0
23,bro china reading biggs power levels cant even get adequate testing ğŸ§,0
24,corona shit please invite know flaky sometimes ass going come outside promise lol,0
25,miss ex miss life without coronavirus,0
26,â€œi stopped said look isnt movie smith legend go homeâ€ updated compilation italian mayors losing people violating covid19 quarantine yes subtitles accurate,0
27,please dont take hydroxychloroquine plaquenil plus azithromycin covid19 unless doctor prescribes drugs affect qt interval heart lead arrhythmias sudden death especially taking meds heart condition,1
28,day 5 rediscovered farming,0
29,coronavirus pass midapril speaking existence,1
30,thank everyone incredible messages support encouragement many asked like er right want share bit please rt day life er doc brief dispatch covid19 frontline,0
31,fellow citizens absolutely need panic essential commodities medicines etc would available center various state governments work close coordination ensure together fight covid19 create healthier india jai hind,1
32,dogs found owners canâ€™t leave coronavirus,0
33,one cleans like gaston quarantines like gaston one stops spreading covid19 like gaston,1
34,beaches havent closed florida theyve minimal covid19 prevention absolute dysfunction,1
35,new favorite thing italian mayors regional presidents losing people violating quarantine heres eng subtitled compilation â€œi hear want throw graduation parties im going send police flamethrowersâ€ covid19 coronavirus,0
36,covid19 finally sensible advice nurse â€œwhat seen lot recommendations try avoid getting coronavirus first place good handwashing personal hygiene social distancing seen lot advice,0
37,coronavirus isnt real government wants everyone inside two weeks change batteries birds,1
38,day 6 quarantine dad gave talk cats covid19 ,0
39,generation z want name folks love calling everybody 40 millennials millennials spring break millennials home yelling boomer parents wonâ€™t sit still â€œfaith fearâ€,1
40,â€œhey guys happy selfquarantine coronavirus real thingâ€ wow idea thanks kylie,0
41,world health organization warns young people â€œyou invincibleâ€ covid19 could â€œput hospital weeks even kill even donâ€™t get sick choices make go could difference life death someone elseâ€,1
42,man hospital bill bout much,1
43,video hospital spain watch watch volume cancel brunch postpone coffee meetup rain check dinner friends sucks doesnâ€™t hard  covid19 coronavirus stayathome,0
44,youâ€™re goalkeeper child selfisolation trying keep training came iâ€™m impressed coronavirus stayhomestaysafe,0
45,covid19 might big want remind god bigger,0
46,cdc announced corona spread via instagram story challenges,1
47,katie porters sister doctor breaking staying save lives covid19 crisis,1
48,anybody else randomly yells â€œcoronavirusâ€ cardâ€™s voice,0
49,workers need protection healthcare sick payâ€”regardless citizenship status services essential needs aggressive dialogue around issue would life look like without donâ€™t want know,0
50,h mom phd coronavirus graduating whatsapp threads,0
51,check btsâ€™ message hope overcome covid19 looking invite son heungmin continue message stayconnected staystrongarmy   btslovemyself endviolence,0
52,white people covid19 black folks rna gay people miss rna ,0
53,corona sis youre leaving may right,0
54,wowtaken morningnever seen vegas empty tbh coronavirus,0
55,nasty flu went round december early jan iâ€™m telling corona bare ppl sick including complaining know symptoms corona,1
56,due covid19 fucking everything thought dont twitter prom without ado invite twitter prom ask someone go friend partner prom held 25th march interact join,0
57,batman bussing tables times hard,0
58,today lost 2 colleagues young adult cardiology fellow camp medical oncologist due covid19 pause pray yet war starting end sight ask prayers ask politicians help aggressively act support,1
59,china 24 times people italy,1
60,please remember future job interviews ask company protect employees regard global covid19 situation cant risking working wayward companies,0
61,flintstones gummies 15 years ago fighting corona,1
62,iceland tested entire population read entire population,1
63,bitch saidâ€”,0
64,hi yes originated china technical term covid19 mom originated back buick skylark call judith donâ€™t mean,1
65,dominican republic found cure covid19 ,1
66,gummies eating pure rock ainâ€™t built,0
67,epidemiologist helped eradicate smallpox says trumpâ€™s early handling covid19 â€œis irresponsible act elected official ive ever witnessed lifetimeâ€,1
68,hereâ€™s useful summary current best thinking among public health experts need approach fight covid19 coming weeks,0
69,celebrities making singing videos coronavirus tops 230k cases worldwide,1
70,every senator insider trading covid19 briefing immediately resign yes applies parties,0
71,ice pretended doctors fucking words please donate,1
72,bro idk whatâ€™s going agree fuck mini coopers small ass cars always looking like parking spot get closer,0
73,medical professionals heroes putting lives line keep country going heres look er doctor already fought front lines one crisis makes day one good reminder us help staying home,0
74,dear allah please protect gaza costs,0
75,president slovakia showing corona drip handtailored matching fabric surgical masks impeccable,1
76,episode black mirror fucking long,0
77,corona big fat white nasty smelling fat bitch took motherfuckin schedule griffin dirty white racist ass big fat bitch oomph loom pa body ass bitch im coming im going beat fuck bitch,0
78,bro 3 songs iâ€™m hearing tl  lord take corona away,0
79,heroes wear capes sometimes wear blanket netflix n chill 2 weeks,0
80,always comfortable spots hits 3g ğŸ¥º,0
81,corona finding infected harvey weinstein,0
82,germany conducting 160k covid19 tests week total 35k ventilators 10k ordered made govt converted new 1k bed hospital berlin death rate tiny bros itâ€™s mass testing allows quarantine bros fewer nonreported cases,1
83,people covid19 quarantine,0
84,breaking child age 18 died coronavirus los angeles public health officials announce believed first child death virus us â€œa devastating reminder covid19 infects people agesâ€ la health official says,1
85,addressing nation battling covid19 menace indiafightscorona,0
86,dirty mfs brought corona home miami camp itâ€™s increased 88 48hrs,1
87,everyone coming corona barista,0
88,said â€œif doctors theyd shut entire worldâ€ actually us wed save many people possible would follow science camp evidence would never put politics ahead publics health covid19,1
89,one coworkers died today covid19 much older great guy sitting together couple weeks ago talking whatever next time saw admitted icu last time saw whole body feels numb ,1
90,told new years within 3 months 2020 kobe bryant dead weâ€™d quarantined covid19 schools sports shut tom brady tampa bay buccaneer wouldâ€™ve legitimately thought world ending,1
91,ya allah already gave huge test much us around globe good provide strength go ,0
92,one day wants would like practice freeckicks goal think ,0
93,thread thereâ€™s strong understandable desire return better times functioning economy lost anyone theres thing functioning economy society long covid19 continues spread uncontrolled biggest cities,0
94,mitch abandoned bipartisan work covid19 bill tried pass nostrings attached corporate bailout didnt sufficiently help health care workers first responders working class families focus people wall street,1
95,trigger warning man afraid heâ€™d infect family thought wouldnâ€™t get proper treatment theyâ€™re poor took life government needs assure filipinos got virus go hospital camp treated free,0
96,mom sheâ€™s hero sheâ€™s 60yearold primary care physician testing patients covid19 furthermore putting health line test patients get care need prevent community spread overburdening hospitals,1
97,exactly one month ago italy found first case coronavirus iâ€™ll tell happened one month hope learn mistakes,1
98,rim director dr celia carlos allegedly unjustly removed position refused prioritize processing covid19 tests asymptomatic politicians vips patients symptoms respect justicefordrcarlos notoviptesting,1
99,clear sen loeffler dumped stock illegally using nonpublic information allegedly used proceeds buys stock teleworking software company profiting covid19induced collapse economy,1
100,texas ny camp cali 3 largest states cuomo camp newsom aggressive knowing whats come texas greg abbott â€œfake coughingâ€ reporters questions sen corny tweeting corona beer pics 2 weeks state dystopian rodeo book,1
101,hear unfounded rumors nationalguard troops supporting nationwide quarantine let clear discussion news great work guard support covid19 response click link covid19,1
102,friends stuff nature healing wildlife returning covid19 fake,1
103, due large amount speculation regarding covid19 reminder rely official sources accurate information help control spread rumors sharing page,0
104,vigilant misinformation rumors factual errors go trusted sources information covid19,0
105,reminder two republican senators implicated weekend insider trading scandal selling millions stock telling voters covid19 hoax neither republican resigned,1
106,fox news claims never called covid19 hoax lets check receipts,1
107,remember chairman senate intelligence committee enriched stock trades inside information danger covid19 party told people hoax get trump,1
108,voice notes broadcasts camp images shared whatsapp platforms fake news messages developed intent cause fear camp panic please disregard messages signed official sources covid19,1
109,gee covid19 isnâ€™t hoax possible climate change isnâ€™t either perhaps learn something crisis believe scientists avoid getting caught flatfooted next time,0
110,800 pm today local time wuhan see lights one fake numbers canâ€™t fake fact apartments still lit people gone ccpvirus covid19on coronavirus,0
111,unbelievable reportedly took macrons threat close uk border boris johnson finally shutdown bars restaurants Ã©lysÃ©e refers uk policy benign neglect failure leadership costing lives,1
112,things gop done covid19 outbreak illegally traded stocks called hoax blamed china tried bailout big business without conditions havenâ€™t done help workers help small businesses produced enough tests ventilators,1
113,breaking chief staff abbey kari reportedly sick suspected contracting coronavirus sahara reporters top government source told sr monday kari seriously â€œdownâ€ since returning trip abroad read,1
114,316 ron paul publishes article calling corona hoax 322 ron pauls son tests positive corona,1
115,rumors less infectious coronavirus looks like meticulous list fake one please note directions given case doubt please dial100 tweet us takingoncorona,0
116,saw wend disinfo spread online supposed national lockdown grounding flights skeptical rumors make sure youâ€™re getting info legitimate sources holding daily briefings providing latest,1
117,dear lordâ€”please step leader yammering hoaxes fake news covid19 pandemic hit america others filled countryâ€™s leadership gap lead get way,1
118,sorry coming back saying â€œhoaxâ€ dont give fuck â€œchange toneâ€ â€œchange heartâ€ nothing much fuckers took serious situation endangered defend bigot fuck sorry coronavirus,0
119,delhi police registered case section 509 indian penal code man allegedly spat woman belonging manipur called â€œcoronaâ€ vijay nagar area north delhi last night,1
120,fake news peddler drug rather said â€œcoronavirus wont spread outside china need worryâ€ guy ever spoke something sensible,1
121,photo circulating case covid19 kano allegedly reported false image doctored spread fear panic details confirmed cases found via factsnotfear covid19nigeria,1
122,sen rand paul guy opposed coronavirus relief bill paid sick leave tested positive march 22 paid sick leave father former congressman ron paul published essay titled â€œthe coronavirus hoaxâ€ march 17 hypocrisy infects root,1
123,never forget india fighting corona pigs like sharing fake news create panic congress propaganda theres shortage ppes assam medical college students testing ppes used shortage occurs,1
124,fox news put viewers risk making believe covid19 pandemic hoax viewers put entire us population risk many people lost lives fox news face class action lawsuit hold responsible foxclassaction,0
125,isnâ€™t conspiracy tweet really think covid19 america guys remember sick everyone holidaysearly january everyone saying â€œfluâ€ flu shot â€œdidnâ€™t workâ€,0
126,fox news claims never called covid19 hoax lets check receipts,1
127,u love humanity pl stop forwarding fake msg hantavirus avoid panic already enough fight coronavirus santa virus spreads infected animals urine faeces saliva pl educate camp rt others understand nofakenews,1
128,outside chicago coronavirus forcedisolation militarytrain notahoax,0
129,coronavirus alters founder shikhar gupta others spread unverified claims fake twitter account,1
130,message ministry information â€œthe public hereby urged disregard voice note circulating whatsapp helicopter spray â€˜antivirusâ€™ throughout nation 1100 pm news fake disregarded entiretyâ€ rt covid19,1
131,â€œwe desperateâ€ 10 nurses camp doctors explain like fight covid19 without enough face masks know isnt fakenews kid icu nurse ca havent enough n95masks start getmeppe 1,0
132,create fake account tweet fake news midi journalists rt camp quote rt original midi quote rt create panic say sorry deactivate account,0
133,chinese communist party suppressed information covid19 outbreak world political purposes rather take accountability actively pushing conspiracy theory propaganda campaign united states ,1
134,top covid19facepalm doctor nominees 1 dr ht ong cardiologist pen ang lawn city council enforcer kebab nak exercise mass mco 2 dr adam minus air pants untuck bunch fake info pseudoscience false reassurance 3 dr osman refuse testing infect everyone around ongoing list,0
135,tweeting detail single tweet alarm 38yrold covid19 positive man dies patna serious kidney problems let renal failure shortly returning qatar makes 1st â€˜viruslinkedâ€™ death someone isnâ€™t senior citizen,1
136,fearmongering pharmafauci built entire career bogus hivaid causality pushing fakescience immune system camp imperial control servile academics thinks heâ€™ll get away current scam upon petrified coronavirus american public,1
137,fakenews playbook put word â€œfalseâ€ big purple letters q post showing clearly covid19 pandemic could accident hoping public wont see far outside standard deviation ways hurts trump,0
138,â€œnobody wants go close meâ€ nigeria recorded first positive covid19 case story went viral social media claimed patients taxi driver demanding payment spread disease story fake impact jude real,1
139,shout camp real leadership looks like kicking ass camp w empathy camp respect taking care citizens trump trying make us believe changed mind calling coronavirus hoax,0
140,starting think coronavirus fearmongering actually really something worry move pelosi happened became clear covid19 hoax,1
141,trumps timeline handling corona crisis one month ago hoax way overblown two weeks ago serious must take action prevent spread week hhh second thought maybe million americans dying isnt bad,1
142,know facts covid19 donâ€™t share rumors camp unintentionally spread misinformation federal state camp local governments posting current accurate information help distinguishing rumor fact see coronavirus rumor control,1
143,patients covid19 reportedly mild severe respiratory illness symptoms include fever cough shortness breath learn covid19 symptoms,1
144,hungarian justice min sends bill parliament state emergency til end 2020 rule decree parliament suspended snap electionsreferendums spreading fake news rumors punishable 5 years prison covid19,1
145,watch airline staff appeals spread rumors instead educate camp others covid19 gets harassed people housing society allegedly spreading coronavirus,1
146,shameful person repute spreads fake newsrumors blind hate india traditions india mark respect came balconies call pm applaud doctors health well emergency workers reason fact check,1
147,another fake news peddled india country vegetarians going affected coronavirus like china vegetarianism camp corona connection indias vegetarianism myth 80 indians meat eaters,1
148,todate uganda confirmed case covid19 article alleging â€œuganda confirms 1st case coronavirusâ€this true absolutely fake people please stop spreading rumors teams working around clock protect camp keep covid ,1
149,fraud warning published morning please read share frank figliuzzi coronavirus scam alert fake starbucks coupons taxpayer fraud cons going viral â¦ â© â© coronavirus,1
150,online website falsely reported government likely impose financial emergency india tackle crisis caused covid19 please advised story malicious fake plan,1
151,â€œchina whos chief hold accountable pandemicâ€ indictment â¦ â© chief â¦ â© allegedly helped chinese president xijinping conceal full extent covid19 weeks jan causing global disaster read,1
152,one million durhams fine 5 years jail deportation ban life uae sharing unconfirmed fakenews coronavirus social media whatsapp uae government best announcement heard pandemic pakistan,1
153,far know 2 ppl close tested positive corona recovering pneumonia hospital itâ€™s game conspiracy ppl donâ€™t need wellwishes etc need stay home,1
154,fakenews alert pibfactcheck claim paracetamol treat coronavirus infection false beware false remedies shared covid19india authentic information coronavirusinindia follow,1
155,prisoner released early covid19 concerns allegedly broke womanâ€™s home tied knife point threatened kill,1
156,coronavirus fact check hop rt  djt  support rt tweet  omment handle  follow comment  bookmarkcome back follow corona uspandemic fakenew,0
157,namaskaram message sadhus fake message circulated whatsapp request delete tweets ,1
158,news since january classified security briefings told trump pandemic coming trump nothing told us â€œdemocrat hoaxâ€ fifteen cases would soon none thread coronavirus trumppandemic trumpliespeopledie,1
159,trumps decision nothin call covid19 â€œhoaxâ€ needlessly exposed millions might taken action properly made aware river blood forever stain trumps tiny hands,1
160,trump says â€œwe earlyâ€ coronavirus 226 â€œthe 15 people within couple days going close 0â€ 228 â€œone day itâ€™s like miracle disappearâ€ 228 â€œthis new hoaxâ€ 312 â€œitâ€™s going go awayâ€ yup early,1
161,actual people telling world pakistan taking precautions coronaviruspakistan fake media giving hype camp sensationalism one war coronavirus stay home stay safe,1
162,maddow woman peddled lies wild conspiracy theories 4 years calling trump stop covid19 pressers ğŸ¤¦â€ ro selfawareness,1
163,fact people refuse stop gathering large groups dont believe millions americans could die donald trumps fault cant tell constituents media lies camp science fake camp shocked refuse take corona seriously,1
164,called presidential clap back liberal media president says american people looking hope answers media sensationalism thank fighting american people coronavirus fight fakenews,1
165,repeat china warned new coronavirus dec 2019 president us called â€œhoaxâ€ 10 days ago,1
166,government india issues advisory social media platforms order curb misinformationfacebook coronavirus indiafightscorona join league coronawarriors suspect forward fake whatsapp us 91 87997 11259  pibfactcheck com,1
167,dont like rumors please dont spread telling people nat guard going impose martial law please stop true busy helping distribute medical supplies please thank covid19 kckpd commonsense norumors,1
168,congress gen secy ms asks people panic donâ€™t spread fake news take precautions wash hands corona,1
169,attended amv ca 14th march ego hotel even party decided isolate day rumor began early morning workouts daily room obeyed 14 days isolation period day 9 love light guys ğŸ¤² covid19out,1
170,garlic may tasty wont protect new coronavirus dont spread rumors fight covid19 also fight disinformation shareinformation shareknowledge stayathomechallenge,1
171,never hidden hatred utter disgust nigerian ruling class ill start fake sympathy theres nobody deserves coming furthermore hope coronavirus thorough job ,0
172,flu season winding warm weather returning experts predicted 70 americans would infected covid19 turns 005 missed much fearporn new fakenews,1
173,failing corrects lie president trump called coronavirus â€œhoaxâ€ jake tapper admitted knew â€œthe president call virus hoaxâ€ today repeated lie tapper correct factsfirst,1
174,â€œleadersâ€ donâ€™t want people start believing hoax best stop playing politics real world patience trust wearing thin chinesevirus covid19 coronavirus,0
175,man spreading lies fake news dear responsible malaysians kindly report thank,1
176,senior propagandist chinese communist regime spreading conspiracy theories dickhead said virus originated us twitter allows chinese govt officials platform even though twitter banned china,1
177,correct keep quiet cannot arrest many rumors spread platform,0
178,bihar reports first covid19 death 38yearold man travel history qatar dies aims patna says hospital official,1
179,bihar 38yearold man passed away aims patna tested positive covid19 foreign travel history qatar,1
180,qatar refused prepare hospital thousands coronavirus infected migrant workers soil instead locked inside animal shelters without medical care migrants workers slaves rights shame humanrights ores silent,1
181,new cdctravelnotices covid19 romania qatar singapore saudi arabia philippines ecuador south africa indonesia india avoid nonessential travel areas information,1
182,saiph ali returns frm qatar goes hunger bihar gets unwell admitted hospital referred aims dies doc found corona police reaches home puts entire family quarantine every member run away home camp everyones scared,1
183,first corona death bihar 38 years old saiph ali died last night aims patna returned qatar days back,1
184,biharone person aged 38 years died aims patna due coronavirus returned qatar admitted hospital march 20 coronavirusupdate,1
185,rwanda confirms 17 new covid19 cases bringing total 36 9 travelers dubai 3 travelers kenya 3 travelers usa 1 traveler qatar 1 traveler india 1 contact previous case,1
186,world cup 2022 workers quarantined miserable conditions qatar inhuman accept crime coronavirus covid19,1
187,amnesty says qatar refused prepare hospital workers infected coronavirus working projects like amnesty confirmed many cases inside â€œlabor campsâ€ workers qatar live warned days ago coronavirus blood hands,1
188,landed jfk reporting coronavirus milan lombardy â€”the epicenter italyâ€™s outbreakâ€” walked right us customs didnâ€™t ask italy went came contact sick people didnâ€™t ask anything,1
189,alertâ€¼â€¼â€¼ coronavirus spread money money home put gloves put money plastic bag put outside front door tonight im collecting plastic bags tonight safety think health,1
190,covid19 health advice,0
191,chinese doctors say autopsies coronavirus victims suggest covid19 â€œlike combination sars aids damages lungs immune systemsâ€ cause â€œirreversibleâ€ lung damage even patient survives,1
192,president deborah burger reads public statement one quarantined nurses work northern california kaiser facility full statement  covid19,0
193,wow man inchon west seoul contracted coronavirus documented symptoms activities past 25 days since felt symptoms 38 pages remarkable detail wore masks gloves home 23 close contacts tested negative virus,1
194,coronavirus stopping eating chinese food n traveling ut hiv ainâ€™t stop yyou allfrom ffuckingrawğŸ¤”,0
195,miss corona u another job ,0
196,alertâ€¼â€¼â€¼ coronavirus spread international printed albums albums home put gloves put albums box put outside front door tonight im collecting boxes tonight safety think health,1
197,many peopleâ€™s coronavirus tests could covered cost building atennis pavilion white house,0
198,deadly serious talking coronavirus morning trump said closed stopped 15 confirmed cases us week ago 233 today 5000 week trumps incompetence kills,1
199,people administration need resign continuing massive testing deficiencies knew january covid19 failed one thing necessary stop spread coronavirus test contain,1
200,itâ€™s friday means lying stopped coronavirusoutbreak grown camp spread 21 states 225 cases us canâ€™t contain still donâ€™t enough test kits know virus,1
201,meth mistook molly 2014 coronavirus vaccine,1
202,lets get f chat grandpa,0
203,itâ€™s march camp still lack adequate coronavirus test kits dereliction duty knew virus january instead leading spewing false information covid19 downplay growing outbreak completely unacceptable,1
204,rick mantell made argument wed better everyone got coronavirus right away 2 world died financial markets could stabilize rick likes republicans dont like rick go viral votebluetosaveamerica,1
205,watch best estimates overall mortality rate covid19 somewhere 01 1 adm brett groin assistant secretary health hhs says thats lower heard probably many reports likely range 2 3,1
206,theres single confirmed case asian infected nyc stop discriminating virus definitely doesnt racist coronavirus,1
207,panic buying symptom dysfunctional society diseased individualism liters soap homedo realize slow transmission covid19 need people cleaning hands fortress toilet paper protect,1
208,soon president heard coronavirus problem china shut entry united states china saved many lives trumptownhall,1
209,im going go totalsportek nans funeral ffs,0
210,epidemiologist marc lips itch director harvards center communicable disease dynamics â€œin us opposite contained,1
211,got personal statement hi sham haman covid19 case 26 read eyeopening,0
212,toronto another case covid19 traveler acquired infection las vegas heard right las vegas usa exporting cases travel history rapidly becoming irrelevant,1
213,breaking 100000 coronavirus cases worldwide 3398 people died covid19 55672 people recovered,1
214,decided read almost every paper exists coronavirus today background biology neurology im obsessed catching parabolic trends early data medical research thread latest research feel free retweet cite credits,0
215,wish express closeness ill coronavirus healthcare workers caring well civil authorities involved assisting patients containing spread virus,0
216,mmm yet harry meghan joked would â€œmeghan wishes death upon innocent citizens great britainâ€,0
217,breaking trump could still stock company according cdc play major role providing coronavirus test kits federal government means trump could profit coronavirus testing covid19 coronavirus,1
218,coronavirus covid19 global cases tracked johns hopkins universitys,0
219,know 96950 cases covid19 right know 3308 people died know 53981 cases already recovered stop letting media control brain scare tactics real tactics research,1
220,dear pence truth plan also local jurisdictions going get coronavirus test kits promised,0
221,work mat called boss every time hears someone sneezes coughs would ask go back immediately work home thing us asians always think rainy dog ker ja walaupun skit much dedication youre spreading germs,1
222,people used multiple photos corona claims different cities across world sgtsgt33 prevalent number apparently,1
223,weeks federal government dragging feet covid19 testing trump admitted front cameras wants manipulate measurement outbreak personal political benefit,1
224,tomorrow boomer turning 25  leave going france skiing maybe get ccoronavirus mostly afk celebrate giving cool nomad knife away retweet enter picking random winner home ğŸ¥° llt,1
225,korea giving free test kit covid19 ph tiktok ğŸ¥°,1
226,todayâ€™s coronavirus recap 95270 confirmed cases globally camp 3281 deaths 80 new cases  e tes 34  covid19covid19have died â€œit time pulling stopsâ€ cou ies must take comprehensive allgovernment approach,1
227,washing hands bye sharon voice die corona,0
228,rip grandpa get 30 gifted subs,0
229,wta man dartmouth symptoms covid19 asked selfquarantine waiting test results decided fine went party results came back positive next day another many treating joke coronavirususa,1
230,works stopping spread coronavirus 1 wash hands least 20 seconds 2 cough sneeze elbow 3 stay home youre sick doesnt work 1 racism,1
231,touching oneâ€™s face recommended coronavirus spreads rampantly across world touching face another simply unacceptable justsowrongjoe notokayjoe,1
232,public service announcement says tweets something conflict doctors experts said coronavirusoutbreak trust doctors experts life family friends may stake,0
233,scariest thing covid19 looks like jira ticket,0
234,vietnam first country fully contain sars covid19 deaths developed quicktest kit one month says taken four years consulting vietnam get help global crisis course isnt news,1
235,people die regular fucking flu every year number people died coronavirus wash hands cover mouth coughing take fucking vitamins stop racist every asian person see fuck heads,1
236,translation 60yearold women caught cold fine,1
237,itâ€™s corona time,0
238,donâ€™t die coronavirus without seeing first itâ€™s finest clip youâ€™ll watch year covid19 thursdaythoughts thursdaymotivation coronvirus,0
239,continued lack covid19 testing dereliction duty knew since jan coronavirus particularly shameful using artificially deflated numbers due lack testing say virus stopped,1
240,got corona wouldnâ€™t mad tbh quarantine would give lot time catch shows stuff read write bunch iâ€™m lucky die,0
241,best set info iâ€™ve found coronavirus itâ€™s worth watching full 10 mins,0
242,normal sick ppl vs people coronavirus coronaviruschallenge,0
243,virus communal hatred deadlier coronavirus,0
244,attempt minimize coronavirus aged well according 215 cases camp 14 deaths including 56 new cases today due lack testing administration still donâ€™t know extent virus spread,1
245,coronavirus temporary house music forever,0
246,denyinâ€™ tests coronavirus victims help approval numbers considered attempted murder,0
247,coronavirus covid19 cancelled ğŸ¦ ,0
248,tweeting corona corinthians smh,0
249,whole entire world coronavirus dangerous jamaicans,0
250,â€œthatâ€™s coffin seeâ€,0
251,like invasion hostile space aliens covid19 enemy human species wonâ€™t negotiate cares nationality ideology politics religion enemy us requires global effort combat guided science magical thinking,1
252,friday motherfuckers youre showing nut sack filled corona juice breathing mask,0
253,video circling area around holy kaaba holy mosque makkah emptied people temporarily order clean sterilize due coronavirus fears insure safety pilgrims,1
254,doh officially tiktok earn protective measures covid19 tiktok video join covidance challenge follow dohs official ttiktokaccount iddohgovph ğŸ¤Ÿ,0
255, nurseâ€”exposed coronavirus sick quarantineâ€”hammers initially refusing delaying covid19 testing â€œwhat ridiculous uneducated responseitâ€™s public health emergencyâ€ ht,1
256,lets bring hope science works,0
257,march 6th 3pm st btsarmy donated approx 505500000 covid19 relief 9 days ,1
258,president trump could create cure covid19 wed hear cure tds crowd say cult fact family team trump dynasty dynasty going get reelected landslide2020,0
259,cronies downplayed coronavirusoutbreak pence admits arent enough coronavirus test kits experts including saw coming weeks called pointofcare covid19 tests incompetence cost livesğŸ¤¬,1
260,hongkongers decided listen government good reasons decided wear masks protect hongkong first case coronavirus way earlier countries list seen nearly little increase cases since,1
261,local transmission please wash hands please dont cough sneeze people,0
262,kerala state india successfully stopped 3 deadly virus corona ni pah bjp,1
263,latest report sarslike lung damage consistent prior clinical reports coronavirus cases china least 1 patient survived covid19 later received lung transplant due permanent fibrosis scarring lungs,1
264,begun sup aint perfect without samba hitamğŸ¤§ğŸ¤§,0
265,donations us government handled specific office us treasury donâ€™t send check â€œoffice assistant secretary healthâ€ â€” see,1
266,hereâ€™s question today doctor seattle area today order covid19 test patient think tested curious hear actual medical professionals area,0
267,whats coolest way say 16 people tested,0
268,coronavirus emergency response package gives government resources needs confront public health crisis â€“ without stealing dime critical initiatives signature goes presidentâ€™s desk,1
269,virus needs us travel let us beat virus conscious responsible action allow virus dislocate disrupt lives nation sg coronavirus,0
270,neros fiddling people die camp administration fumbles covid19 response donald trump taking another taxpayerfunded vacation private luxury resort im really trying hard comply social media policy surely bans cursing corrupt potus,1
271,well called first didnt least among first would good news,0
272,taiwanâ€™s ability contain covid19 outbreak tribute unity camp resilience also speaks collaboration government people camp many private businesses ramped production protect public health camp make impossible possible,1
273,dear reminder last week affairs committee refused 6 times deny coronavirus hoax,1
274,theres something strange going turkey refusing give evidence coronavirus rumors problem almost like iran cases reported turkish airlines dont give evidence ta verge bankruptcy,1
275,japan close schools italy close schools football games china shut everything olympics may cancel trump coronavirus hoax hunch experts wrong go work school trumpvirus covid19 coronvirus,1
276,dont interrupt blaming4 coronaviruschina enable us 2 uniteagainst new evil empire4 covercover ups pandemic killing chinese people also people throuthroughoutn wuhans victimsut fake vicepremier  visits,1
277,according tmz reliable sources selena gomez reportedly donated 1000000 vaccine research help prevent spread covid19 also known coronavirus â€œi want everyone know rare soon disease beâ€,1
278,dear patriots else finds strange fakenewsmedia continues spew coronavirus scare camp daily gives us death tolls illness couldnt care less many deaths occur every minute abortions,1
279,6 mar 20 7pm gmt2 confirmed covid19 cases region afghanistan 1 bahrain 56 egypt 15 ir iran 4747 incl 124 deaths iraq 38 incl 2 deaths jordan kuwait 58 lebanon 16 morocco 2 oman 16 opt 7 pakistan 6 qatar 11 tunisia 1 ksa 5 uae 29,1
280,trump campaign sues cnn â€˜false defamatoryâ€™ russia statements seeks millions damages fake news medias worse coronavirus enemy people great awakening news handle w care q qanon trump2020 kag kag2020 wwg1wga,1
281,three iranian officials reportedly dead covid19 either politician makes extrasusceptible coronavirus prevalence disease orders magnitude higher government admits,1
282,donald trump canceled trip cdc atlanta one person allegedly coronavirus hypocrite,1
283,makes wonder would cancel visit hoax worse flu germaphobetrump 2 standards everyone infected covid19 still go work unless bone spurs chief,1
284,warning  man king collusion hoax empire trust nothing says writes heâ€™s pure disinformation ,1
285,media bombarding us queries fake cases one know first request desist fake news coronavirus,1
286,new york ag warns televangelist jimbakker stop selling fake coronavirus cure lisalandau chief agâ€™s health care bureau sent cease desist letter baker thursday threatening legal action mog bluewave2020 maga christians,1
287,coronavirus reached south africa trevor noah daily show making fun fact going die china fake things american got offended hes making fun serious situation like,1
288,since never get reported media wanted share copy check donating salary back united states government quarter donated confront contain combat coronavirus flag united statesman united states,1
289,thanks michaelbloomberg harass handy little unintentional demo way spread coronavirus clueless person america touch community food much salivasoaked fingers minimikebloomberg droolingbloomberg,0
290,folks say coronavirus isnt big deal kills disabled elderly chornicallyill immunocompromised implication people expendable please careful,0
291,1 case coronavirus india people crazy masks daily 400 people die road crashes still craze helmetsthinking face safetysaves virus road crashes,1
292,president made commitment donate salary office honoring promise protect american people donating 2019 q4 salary support efforts undertaken confront contain combat coronavirus,1
293,live seattle symptoms covid19 history chronic bronchitis since work physical therapy clinic many 65 patients chronic illnesses decided responsible go get tested went,1
294,dad said dont cure coronavirus told reminded home movies clip,0
295,experts across world advised reduce mass gatherings avoid spread covid19 novel coronavirus hence year decided participate hold milan program,1
296,prime minister israel benjamin netanyahu encourages israelis adopt indian way greeting namaste press conference mitigate spread coronavirus,1
297,dear knew covid19 january march administration still enough test kits unconscionable dereliction duty stop minimizing coronaoutbreak start leading lives stake link,1
298,safety always comes first panic stay safe coronaalert link,0
299,countries largest numbers coronavirus diagnoses 1 china 2 south korea 3 italy 4 iran 5 japan 6 france 7 germany 8 spain 9 singapore 10 usa,1
300,im stunned depth coronavirus information released singapore website see every known infection case person lives works hospital got admitted network topology carriers laid timeseries link,1
301,thank keep great work,0
302,new coronavirus killed 34 confirmed cases globally making deadlier flu still containable seasonal flus fatality rate 1,1
303,nigeria able handle ebola coronavirus effectively lets know incompetence everything else purpose,0
304,breaking announcing new directive requiring ny health insurers waive cost sharing associated testing coronavirus including emergency room urgent care office visits cant let cost barrier access covid19 testing new yorker,1
305,want clean,0
306,netanyahu announcing israels new extreme measures corona orders israelis stop shaking hands suggests following indian custom namaste instead Ã°ÂŸÂ™ÂÃ°ÂŸÂÂ½ link,1
307,spoke er doc say hes seeing cases hes 99 sure coronavirus negative flu recent travel work airports allowed test patients return work cant take time wout firm diagnosis er docs seeing thing,1
308,slowly hindu traditions accepted world yoga already need family system vegetarianism dire universal acceptance fight terrorism polytheism fight hate bigotry communists time unscientific abrahamic principles overlink,0
309,congress tie emergency coronavirus funding fisa reauthorization must reform fisa system restore american peoples confidence justice system ensure happened campaign 2016 never happens againlink,0
310,exo members chanyeol lay suho kai donated combined 170 million korea disaster relief association hope bridge help fight coronavirus outbreak covid19 Ã¬Â°Â¬Ã¬Â—Â´ zhangyixing Ã¬ÂˆÂ˜Ã­Â˜Â¸ Ã¬Â—Â‘Ã¬Â†ÂŒ,1
311,dear pence hiding american people wont let people see hear experts saying coronaoutbreak,0
312,dear quit wasting indias time playing clown social media accounts india facing emergency focus attention every indian taking coronavirus challenge heres done coronavirusindia,0
313,hold china communist party denying coronavirusoutbreak originated china beijingÃ¢Â€Â™s catastrophic mishandling virus caused global health crisis collection incompetent thugs liars link,1
314,world health organization confirmed covid19 deadlier seasonal flu transmit easily read latest updates coronavirus outbreak,1
315,panic harass need know camp responsible citizen panic harass need know responsible citizen coronavirusindia microbe covid2019 coronaalert link,0
316,trump hannity saying coronavirus death rate 34 think 34 number really false number hunch based lot conversations personally id say number way 1 astoundingly irresponsible link,1
317,dear still testing scale need contain coronavirusoutbreak apologized yet saying criticism administrations botched testing new hoax link,0
318,thank inspiration indiafrom today israelis say shalomÃ°ÂŸÂ‡Â®Ã°ÂŸÂ‡Â±namasteÂ®Ã°ÂŸÂ‡Â³,0
319,true officials denied coronavirus testing exposed us embassy staff need resign also reminder last week committee refused 6 times deny coronavirus hoax link,0
320,call every democrat running president anywhere matter join president trump donating quarterly salary toward fighting coronavirus citizens would grateful thank advance,0
321,state emergency declared la city county due confirmed cases coronavirus angeles need prepared panicked listen advice experts make sure youre following latest info recommendations link,1
322,doomed coronavirus covid19,0
323,please repost shares vital information class lead times crisis excellent speech singaporeans health minister mr kim yong excellent way describing coronavirus coronavirusupdates,0
324,b52questions 1 rudy arrest 2 harvey rikerÃ¢Â€Â™s 3 cuccinelli still working 4 barr quit yet 5 flynn sentenced 6 trusts pence mrs miller messaging coronavirus 7 races happy wtheir guy,0
325,globally 34 reported covid19 cases died comparison seasonal flu generally kills far fewer 1 infected coronavirus,1
326,fair question ask whether lack testing due gross incompetence administration trumpets stated desire minimize coronaoutbreak either way severe consequences cannot get critical weeks back,0
327,nothing see folks stopping coronavirus bill doesnÃ¢Â€Â™t allow big pharma pals charge whatever want lifesaving vaccine hainaut even developed yet onevoice1 link,1
328,amazing south korea really bending covid19 epidemic curve 131 new cases today versus 909 feb 29 china clearly done,1
329,students noted covid19 showing us honorary white status placed asians us always provisional,0
330,thing anyone age 50 realize probably going die covid19 absolutely vectors spread disease around old people die take precautions,1
331,cut taxes bail companies furthermore attacked public health emergency way enable economic recovery focus public health,1
332,hospital sunday soon covid19 center may effort paradigm better precaution malaysians arranging beds 100 covid19 patients camp redistributing inhouse patients tertiary hospitaldistrict hosp continuation care,1
333,5 months since beginning coronavirus outbreak 3800 people worldwide died period flu killed 310000 wake people coronavirus scare manufactured crisis ask benefits crisis feel,1
334,didnt blame obama approx 12000 american swine flu deaths didnt want turn around somehow pin approx 22 coronavirus trumppence freaking problem political discourse country full stop,0
335,short video coronavirus spreads world wuhan covid2019 koronawirus korona corona coronavirusspread coronavirusupdate covid19,1
336,looks like coronavirus antiblack iam okay,1
337,chinese coronavirus like,0
338,covid19 hit coldflu season wondering might virus chart covid19 v cold v flu helpful,1
339,north americans hoarding toilet paper vociferously debating merits hand sanitizer france last time cocaine prevent coronavirus,1
340,flattenthecurve graphic proper attribution camp ccbysa license please share far camp wide translate language details thread covid19 covid2019 covid19 coronavirus thanks camp,1
341,bigoted statements spread misinformation blame asians asian american community coronavirus make us less safe must delete tweet apologize immediately,1
342,thread coronavirus may entering period accelerating cases country could look different next two weeks well get need take steps limit scope impact virus things help 1n,1
343,liberals blew butt plugs people calling coronavirus originated wuhan wait wuhancoronavirus harass history refresher numbskulls,0
344,got look guidelines testing covid19 san diego hospital areawful order get test patient close contact w someone w confirmed infection travelled infected area thats totally insufficient,1
345,57 round trip la thanks coronavirus,1
346,coronavirus spreading details make education spread faster please read camp retweet ready covid19,1
347,everyone prioritizes consumer choice single payer healthcare system understand force peoples access healthcare tied employment actually take away freedom increase precariousness lives Ã¢Â¬Â‡Ã¯Â¸Â,0
348,ive informed covid19 lab result negative abundance caution remain selfquarantine advice medical professionals thursday 2pm continue feel fine show symptoms,1
349,corona got flights cheap hell,1
350,Ã°ÂŸÂ“ÂŠ france spain germany 9 10 days behind italy covid19 progression uk us follow 13 16 days italy waited long countries really start implementing aggressive containment measures,1
351,coronavirus pro tip mix emergency vodka literally cannot get sick itas actually science,1
352,camp demanding trump administration prioritize health safety american workers families corporate interests coronavirus,1
353,Ã¢Â€Âœisrael announces mandatory twoweek quarantine overseas arrivalsa want bet israel doesnÃ¢Â€Â™t epidemic country borders wonderful thing coronavirus,1
354,nancy binary improved politician past years everyone made fun dark skin choke,0
355,wake coronavirus sen josh hawley introduces bill end united states dependency china manufacturing distribution medical supply,1
356,wanted detailed covid19 data hard time finding numbers without accompanying media bias collected sharing thread incubation time symptom occurrence transmission rates first 20 us cases date location contd,1
357,truly sobering analysis us vulnerable many countries coronavirus owing combination high numbers uninsured many wo paid sick leave leadership downplayed challenge preparing country,1
358,dont know needs hear alberta added covid19 testing respiratory swabs done er hospital youre looking flu youll also get answer covid19 standardofcare imho,1
359,antiviral spray novel coronavirus developed shanghai public health clinical center put throat shield virus spray greatly help protect frontline medical staff yet massproduction public use available,1
360,covidÃ£ÂƒÂ¼19 something need aware alert 3rd gen infection watch video borrowed understand easy spread virus coronavirus,1
361,someone explain people came contact cpa attendee selfquarantine instead getting coronavirus test wouldnÃ¢Â€Â™t want know asap anyone attendee interacted virus,1
362,korean govt briefing covid19 response govt covering financial costs related testing treatment instead saddling individuals expenses govt also reimbursing medical facilities losses incurred imposed quarantines,1
363,passport twitter quiet since corona hit shouldve spent money jordan,1
364,exclusive nadine worries health minister become first mp diagnosed coronavirus westminster past week met hundreds people attended 10 reception hosted boris johnson thursday,1
365,exhibit Ã°ÂŸÂ˜Â­Ã°ÂŸÂ¥Â´,0
366,four days ago said Ã¢Â€ÂœstoppedÃ¢Â€Â coronavirus camp closed downa tonight 1000 cases america least 31 deaths virus spread 37 states still lack sufficient testing factsmatter,1
367,arriving france paying 0038 round trip plane tickets coronavirus scare,1
368,dear students due confirmed case covid19 virus rizal research defense however need pass manuscript march 20 stay home work individually ps life precious grades teacher part,1
369,kevin mccarthy calling coronavirus chinese racist ploy make public health issue something blamed others api kids schools already taunted virus kind leadership republicans real danger us,1
370,corona scare doesnÃ¢Â€Â™t end soon im going intervene,0
371,thread fri jan 31 2020 weeks coronavirus officially spread countries led bad stock market week feb 24feb 28 trump admin announced travel restrictions china reporting generated take politico 2420,1
372,look hospitals diagnosing covid19 st lukes cardinal marathi med medical city covid19 isnt purely health issue strong class problem well pagmayaman covid pagmahirap hbo sore throat lang,1
373,tonight crossed important threshold ended 9 days ago according experts consulted timing w new corona cases attendees w symptoms huge turning point 10000 hotel w virus present one positive Ã°ÂŸÂ™ÂÃ°ÂŸÂÂ»Ã°ÂŸÂ‘ÂÃ°ÂŸÂÂ»Ã°ÂŸÂ‡ÂºÃ°ÂŸÂ‡Â¸,1
374,anyone near shop selfisolate coronavirus benefits put together twoweek food parcel delivered door,0
375,amazing passengers kigali bus park wash hands getting onto buses prevention risk reduction coronavirus outbreak rwanda,1
376,anyone else notices covid19 seemed pop almost immediately impeachment failed,1
377,fail contain coronavirus 1 focusing china failed stop virus coming countries 2 focusing foreign nationals failed stop virus carried us travelers 3 testing let virus spread undetected,1
378,zika ebola lyme disease german measles spanish flu reston virus west nile virus hong kong flu arewere fine tho,0
379,two months ago tail volcano erupting giving rise great fear suffering today serenity reigns tail reminding us covid19 outbreak come go social solidarity emerge stronger nation Ã°ÂŸÂ“Â· tomas girona,1
380,saw irregularities w usage ff articles provide clarity Ã°ÂŸÂ§Â¬ sarscov2 severe acute respiratory syndrome coronavirus 2 virus Ã°ÂŸÂ¦ covid19 coronavirus disease 2019 disease hence sarscov2 causes covid19 nonetheless stay safe Ã°ÂŸÂ™ÂÃ°ÂŸÂÂ»,1
381,going look back feel really silly anxiety panic buying covid19 really contagious terribly dangerous unless compromised health already live place ton pollution massive overreaction,1
382,corona black light america cumstained hotel room,0
383,two weeks sick pay Ã°ÂŸÂ‡Â¬Ã°ÂŸÂ‡Â§uk Ã¢Â£18850 youÃ¢Â€Â™d get lived Ã°ÂŸÂ‡Â¦Ã°ÂŸÂ‡Â¹austria Ã¢Â£57470 Ã°ÂŸÂ‡Â©Ã°ÂŸÂ‡Âªgermany Ã¢Â£57470 Ã°ÂŸÂ‡Â¸Ã°ÂŸÂ‡Âªsweden Ã¢Â£45976 Ã°ÂŸÂ‡Â³Ã°ÂŸÂ‡Â±netherlands Ã¢Â£40229 Ã°ÂŸÂ‡ÂªÃ°ÂŸÂ‡Â¸spain Ã¢Â£24137 statutory sick pay uk inapt enough live rt want decent sickpayforall coronavirus ridge marr,1
384,genuinely confused three members congress prophylactically selfquarantining possible covid19 exposure tested seems like tested right,1
385,please help combat xenophobia 1 dont call covid19 chinese coronavirus wuhan virus 2 dont shun asian people businesses 3 call racism media see stories covid need photo asian person tvm,0
386,read thread rt great perspective wont hear media,0
387,thought coronavirus democratic hoax hurt trump moral story science nature give damn party belong,1
388,covid19 making lampoon angry sad cant seek army instructions,0
389,youre wondering bunch older lgbtq people trying urge people take coronavirus seriously shrug think old infirm die remind already watched kind callousness action,0
390,dear adams told today last week warrant aware doctor asking coronavirus test couldnÃ¢Â€Â™t get er doc article patient symptoms camp denied test want clarify,1
391,shit coronavirus niggaz cannot send flint michigan good plumber,0
392,along effect ng sang draw na suspension classeswork nothing instead 1 disclose areas na may case ng covid19 2 incubation period virus 12 weeks thus also suspend classeswork 14 days 3 sanitize buildings schools streets walangpasok,1
393,like suicide minus harm part im,0
394,first silicon valley death covid19 woman 60s parents 60s want travel internationally socially irresponsible youre young flu flights cheap youre inconsiderate brat,1
395,breakthrough chloroquine phosphate old antimalaria drug shown apparent efficacy treatment covid19 associated pneumonia clinical studies chloroquine provides antiviral antiinflammatory benefits patients,1
396,know everyone freaking covid19 moment heres fab news make world seem like less scary place,0
397,ebola 50 death rate got infected youÃ¢Â€Â™d likely die covid19 34 death rate obviously bad ebolaÃ¢Â€Â”but makes 34x deadly seasonal flu,1
398,1 many ask take covid19 outbreak seriously current numbers cases deaths Ã°ÂŸÂ‘Â‡ thread iam worried personally situation,0
399,panic buying stockpiling toilet roll continues scenes costco marlborough hampshire today coronavirus toiletpaperpanic panickbuying,1
400,everyone help prevent spread covid19 call doctor develop symptoms close contact person known covid19 recently traveled area widespread ongoing community spread covid19,0
401,isa sa pinakamaganda long maaambag covid19 outbreak Ã¢Â€ÂœpananahimikÃ¢Â€Â stop spreading fake news research first posting something online also wash hands intensely avoid touching face pray pray pray,0
402,breaking department health announces 11 confirmed cases covid19 cases 35 ph via coronavirus,1
403,taken threat virus started cleaning tube stations trains cleaned every week seats dust sahara desert,1
404,10 new confirmed cases covid19 total 20 according doh via,1
405,cdcs data us cases lagging behind entities including learning ap reported cdc recommendation older americans fly white house blocked cdc publicizing recommendation,1
406,manila pro swede bang bong ncr l mga mayors imagine students travelling one city another ibati bang tao nakakasalamuha possible people na may covid19 without knowing us face masks well walangpasok,0
407,president wont let us see hiding stalled intelligence report warns pandemic dangers time aÂ¦ ÂÂ© coronavirus,1
408,president duterte suspends classes levels metro manila march 10 march 14 2020 amid threat covid19 walangpasok,1
409,selfquarantine coronavirus,0
410,dear mean news showed telling american people Ã¢Â€ÂœstoppedÃ¢Â€Â coronavirus camp closed referring news showing kudos camp saying virus Ã¢Â€ÂœcontainedÃ¢Â€Â also getting test kits,0
411,update confirmed covid19 cases outside china corona coronavirus coronavirusupdate korona koronawirus covid19 covid2019 coronavirusturkey coronavirusitalia,1
412,toilet paper completely sold supermarkets lot wipe ass corona,1
413,us pharma company gilead owns promising covid19 vaccine booming pandemic stock sales preparing sell 50100person legal battle deny chinese gov access china would make vaccine free ship global south,1
414,breaking news quezon city confirmed case covid19 according mayor joy belmonte ray capsuling abscbn news,1
415,italy made terrible mistake everybody kept saying flu intensive care units collapsing grandparents parents friends dying please learn lesson coronavirus coronavirusoutbreak italylockdown italystaystrong,1
416,call government communication agencies prioritize public health interests light possible coronavirus outbreak benice,0
417,bring one girl around homies sudden start calling coronavirus covid19,0
418,ex taehyun donates 50 million help affected corona 19 adding amounts donated ex members donated 220 million total exo Ã«Â°Â±Ã­Â˜Â„,1
419,corona chance essential oils mom,1
420,democrats say trump failed us economy yet best economy world say failed covid19 response yet lowest infections per million world call winning losing losing winning,1
421,coronavirus spread covid2019 coronavirusoutbreak,0
422,tweet gets 10k rts ill film attempt infiltrate lynn valley care home vancouver bc 15 km away home coronavirus breakout inside,0
423,per ap germany 1100 confirmed coronavirus cases far two deaths experts say rapid testing early likely resulted diagnosing infected gave country chance contain prepare virus,1
424,donated yet tools need fight covid19 important step toward treatments also explore vaccines diagnostics thanks launching effort us,1
425,approach potential covid19 cases heres infographic made based 09 mar 2020 guidelines dohpsmid taskforce hopefully helps us hips face growing threat stay safe everyone,0
426,media celebrating conservatives getting coronavirus 5000 articles written 1 case coronavirus cpac2020 leftist conference media wouldnÃ¢Â€Â™t touch prime example media attacking conservatives,1
427,new cases covid19 ph filipinos information 33 cases via,1
428,corona getting yt folks,0
429,aaron ramsey scores camp serie dies cannot beat guy ffs,1
430,retweet still idea get tested coronavirus,0
431,cancel coronavirus coachella,0
432,update confirmed covid19 cases outside china corona coronavirus coronavirusupdate korona koronawirus covid19 covid2019 coronavirusturkey coronavirusitalia okullartatiledilsin,1
433,vision truly different town,0
434,dear talked expert dr fauci said coronavirus mortality rate 2 camp 1520 people require hospitalization tatars 20 times lethal camp serious flu death rate likely higher older americans,1
435,hear affects pigs big way,0
436,corona opp pls stop world tour hyung u need rest strange,0
437,way spreads two months scary careful people serious Ã¸Â§Ã¹Â„Ã¹Â‚Ã¸Â·Ã¸Â§Ã¸Â¹Ã¸Â§Ã¹Â„Ã¸Â®Ã¸Â§Ã¸Âµ coronavirusoutbreak Ã¹ÂƒÃ¹ÂˆÃ¸Â±Ã¹ÂˆÃ¹Â†Ã¸Â§Ã¸Â§Ã¹Â„Ã¸Â³Ã¸Â¹Ã¹ÂˆÃ¸Â¯Ã¹ÂŠÃ¹Â‡,0
438,breaking pres duterte declares walangpasok levels metro manila march 14 due covid19 via cnn philippines,1
439,italy Ã°ÂŸÂ‡Â®Ã°ÂŸÂ‡Â¹ Ã°ÂŸÂ”Â´ 60 million people put lockdown Ã°ÂŸÂ¦ 9000 cases reported 231 two weeks ago Ã°ÂŸÂÂŸÃ¯Â¸Â sporting events suspended Ã°ÂŸÂÂ«Ã°ÂŸÂÂ“ schools universities closed Ã°ÂŸÂÂ­Ã°ÂŸÂÂ‹Ã¯Â¸ÂÃ°ÂŸÂŒÂ† theaters gyms bars funerals weddings barred unprecedented coronavirus,1
440,executive office immigration review falls department justice told judges staff members email monday coronavirus posters explain english spanish prevent catching spreading virus removed,1
441,umm seems like maybe include part tweet instead contributing mass hysteria bergen county man several underlying medical conditions including emphysema diabetes hypertension names first coronavirus death state officials said tuesdaya,1
442,explaining kids survived coronavirus,0
443,country panicstricken coronavirus yet flu season 97 million flu illnesses 87000 hospitalizations 4800 deaths flu including 32 pediatric deaths itas time stop panic put things perspective,1
444,rm namjoon got teary eyed talking army said energy promos warrant would go home early music shows scream frustration whole situation corona unfair camp sad Ã°ÂŸÂ¥ÂºÃ°ÂŸÂ˜Â­Ã°ÂŸÂ˜Â­,0
445,3 faces become hated us history traitors nation democracy constitution Ã°ÂŸÂ˜Â¡Ã°ÂŸÂ˜Â¡Ã°ÂŸÂ˜Â¡Ã°ÂŸÂ˜Â¡Ã°ÂŸÂ˜Â¡ votebluetoendthisnightmare,1
446,trump administration orders immigration offices immediately remove posters explaining prevent coronavirus,1
447,im nurse works sgt 50 hrwk vulnerable cannot get tested none caregivers tested patients cannot get tested patients families cannot get tested family members cannot tested none know afford miss work gasmaskgaetz,1
448,mainly shared story want people know difficult even get tested covid19 missouri right narrow group people tested really know extent outbreak current system seems pretty foolish,1
449,hello 25th Ã¢Â€ÂœheÃ¢Â€Â™s definitely melting trump germaphobe chief struggles control covid19 story,0
450,instead prioritizing regular americans need tests coronavirus paid sick leave live paycheck paycheck wants bail oil billionaires thank goodness house representatives power purse,1
451,world health organization wants know dos donts wuhanvirus coronavirus luckily hopkins help watch learn,0
452,Ã¢Âš doctors italy warn europe get ready coronavirus saying 10 covid19 patients need icu care hospitals overwhelmed Ã¢Â€Âœincrease total icu capacityprepare icu areas patients every hospital necessarya,1
453,breaking total number covid19 cases philippines rise 35 afternoon doh reported additional 11 confirmed cases,1
454,cdc website essentially useless actually tracking pandemic,0
455,confirmed google recommending north american employees work home due coronavirus concerns biggest company far parent company alphabet 100000 employees work us,1
456,coronavirus doesnÃ¢Â€Â™t give free pass racist fact happened school balsa grande high school happens diverse one says lot cannot escape blatant comments,0
457,yet tonight im getting mages tl repeating practically word word never underestimate shameless process,0
458,todays coronavirus recap 110029 covid19 cases globally camp 3817 deaths Ã°ÂŸÂŒÂ 93 cases Ã°ÂŸÂ‡Â¨Ã°ÂŸÂ‡Â³ Ã°ÂŸÂ‡Â®Ã°ÂŸÂ‡Â¹ Ã°ÂŸÂ‡Â°Ã°ÂŸÂ‡Â· Ã°ÂŸÂ‡Â®Ã°ÂŸÂ‡Â· italy lockdown china 70 cases recovered countries w community transmission consider closing schools cancelling gatherings,1
459,italian covid19 outbreak explosive look numbers camp timeframe time luxury feb 18 3 cases feb 21 20 cases feb 24 231 cases feb 27 655 cases mar 1 1694 cases mar 4 3089 cases mar 7 5883 cases,1
460,youtuber recently made racist remark regarding bts relating coronavirus making video roasts band fandom request arms pls block report channel ducky thai youtube Ã°ÂŸÂ™Â,1
461,let corona hype smh sheaves annoying,0
462,coronavirus countryÃ¢Â€Â™s cases china sgt 80000 italy 7375 south korea 7313 iran 6566 france 1126 germany 939 spain 644 us 484 switzerland 337 uk 273 netherlands 265 sweden 203 belgium 200 canada 63,1
463,breaking italy locked pm cone announced everyone must remain home nationwide lockdown covid19,1
464,breakingnews ministry health today announced brunei registered first positive covid19 case patient 53yearold man returned brunei kuala lumpur march 3 2020 three friends borneobulletin details soon,1
465,2 patients died get write ielts unc nasa check,0
466,dude said like infinity stones,0
467,coronavirus id cough cover fart fart cover cough covid2019uk coronavirusuk,0
468,department health confirmed sky news health minister nadine worries tested positive covid19,1
469,bigger tool cosmos absolute loser doesnÃ¢Â€Â™t single redeeming characteristic heads guy party endlessly blabbers pinned corner cannot leave Ã°ÂŸÂ‘Â‡Ã°ÂŸÂÂ»,0
470,Ã°ÂŸÂÂ¥overcoming coronavirus Ã°ÂŸÂ‘Â‰a sincere message emirate girl uae people ready help support china defeat humanitarian crises uaevoice coronavirus coronavirusoutbreak covid19 china Ã±Âoronaviruses coronavirusec wuhanvirus wuhan wuhanchina,0
471,current advice coronavirus,0
472,convinced us natives need calm Ã°ÂŸÂ˜Â‚ coronavirusoutbreak,0
473,seen fb camp copy camp share iam crying laughter Ã°ÂŸÂ˜Â‚Ã°ÂŸÂ˜Â‚ coronavirus covid2019 toiletpaper,0
474,due coronavirus passing blunt,0
475,yall got us fucked keep shit sf bring shit oakland point yall want us dead environmental racism fucking real one thinking community health keep oppressing low income poc right,0
476,president duterte announces 4 new cases covid19 ph total 24,1
477,reaction various teams hearing ipl may get cancelled due coronavirus,0
478,asking flag,0
479,coronavirus latest cases surpass 117000 worldwide deaths exceed 4200 china reports 24 new cases italy infections 10000 cases us near 1000 canadas pm justin trudeau announce financial measures,1
480,amazing example preparedness covid19 keeping populations safe great job rwanda coronavirus,0
481,call wuhan virus im chinese furthermore must suffering serious case internalized racism,0
482,coronavirus covid19 takes headlines right kobe passes away translate covid hebrew becomes kobe kobe also buried corona del mar cemetery either simulation universe loves coincidences,1
483,covid2019 carried anyone us citizen japanese tourist undocumented youth member congress coronavirus doesnÃ¢Â€Â™t care party gender religion chinese itas virus myth busters,1
484,protect measures spread message virus covid19 please retweet,0
485,first relief ive felt us covid19 response cdc posting picture emergency operations center showing least one lesbian keychain neck lanyard jangles walks job,0
486,recorded covid19 cases outside china eerily matching exponential couldnt resist making primer exponentiallogistic growth least 3 counterintuitive things kind growth seem worth putting discussion,0
487,jakarta finally coronavirus data website according 64 people capital metro region currently monitored,1
488,love handwashing dance vietnamese dancer huang along washing hands soap water one first steps protect coronavirus,1
489,like fake stuff covid19 overhype backfire democrats economy come roaring backs chinas grip trade weakened trumps high approval handling virus help,1
490,hakyeon ive donated money toward overcoming pandemic covid19 reason unclear â€œtakenâ€ allegedly member â€œvi xxâ€ referring struggles life using words â€œovercomeâ€ weâ€™re sure time â€œmoneyâ€ metaphor,1
491,thisis pelosi held articles fake impeachment 3 wwas time tthatmear campaign coronavirus smear campaign hopes ruining â€™â€™ ances reelection trump2020landslidebaby,0
492,coronavirus real president took action contain month ago hoax mediaâ€™s fearmongering clicks demsâ€™ wishful thinking economic crash still dozens fatalities cure spontaneous clinton witness suicide,1
493,iâ€™m old enough remember trump away visitorâ€™s logs white house people coming declare countries theyâ€™ve visited meanwhile coronavirus many states guess itâ€™s democratic hoax,1
494,want turn small problem fake crisis ask take coronavirus leftâ€™s corruption special guests watch americafirst,0
495,trump coronaflu serious go work numbers fake investors dump stocks president makes clear hes going deal rick mantell meh lets kill millions stock prices go many republicans inhuman monsters,1
496,trump didnâ€™t prepare coronavirushis admin still doesnâ€™t cluewe ready combat pandemic trump ignored hhs cdcfakenews atch  ronavirus pmarkgreen th thanku,1
497,example trump invents numbers ignores official figures donâ€™t replay legitimize fake numbers give official figures say trump mouthed numbers mic earlier oh look official numbers give,0
498,president trumps comments coronavirus death rate 100 correct media falsely claimed spreading misinformation falsely reported comments werent line top health officials 100 fake news,1
499,drug companies reportedly killed provision coronavirus funding bill would cracked unfair prices striking example lobbying influence get industry wants even midst global health crisis,1
500,team fighting covid19 rumors platform immediately delete prc official account peddles lie virus originate china twitter allow willing tool ccp propaganda,0
501,fox cause pandemic foxnews spreading trumps coronavirus lies faster disease steer clear maga hats theyre told whole thing hoax leaders got control go work mog christians maga,1
502,nu rtw lagos already sensitizing people covid19 sharing hand sanitizers etc â€œeducatedâ€ ones spreading fake news doubting patient nu rtw 1 dem 0 covid19lagos,1
